大学名,Latitude,Longitude,,,,
Aalto University,no data found,no data found,,,,
Adrian College,41.8987054,-84.0592414,,,,
Agnes Scott College,#ERROR!,-84.2945346,,,,
Ajou University,37.2820187,127.0463409,,,,
Alabama A&M University,34.7838409,-86.5722237,,,,
Albertus Magnus College,41.3316093,#ERROR!,,,,
Allegheny College,41.6484557,-80.1455328,,,,
American College Dublin,53.3411883,-6.2504237,,,,
American University,38.9380155,#ERROR!,,,,
American University in Dubai,25.0907125,55.157147,,,,
American University of Sharjah,25.3115602,55.4926503,,,,
Amherst College,42.3709104,-72.5170028,,,,
Antioch College,39.7998582,-83.8887355,,,,
Aquinas College,42.9606096,#ERROR!,,,,
Arkansas State University,35.8430861,#ERROR!,,,,
Arkansas Tech University,#ERROR!,-93.1361472,,,,
Ashland University,#ERROR!,-82.3231533,,,,
Asia University in Taiwan,24.0461479,#ERROR!,,,,
Augustana College,41.5030042,#ERROR!,,,,
Azusa Pacific University,34.1300755,-117.8883593,,,,
Babson College,#ERROR!,-71.2649202,,,,
Bard College,42.0230728,-73.909314,,,,
Bard College at Simon's Rock,42.2087695,-73.3804375,,,,
Bard College Berlin,52.5843043,13.3937208,,,,
Barnard College,40.8095133,-73.9633969,,,,
Barry University,25.8789241,-80.1981793,,,,
Barton College,#ERROR!,-77.9131567,,,,
Bates College,#ERROR!,-70.2021865,,,,
Bay Path University,42.0555615,-72.5838321,,,,
Baylor University,31.5500848,-97.11354,,,,
Beijing Language and Culture University,#ERROR!,116.345897,,,,
Bellarmine University,38.2184939,-85.7055271,,,,
Beloit College,42.5030333,-89.0309048,,,,
Benedictine College,#ERROR!,-95.1123761,,,,
Bennington College,42.9203078,#ERROR!,,,,
Berea College,37.570585,-84.288969,,,,
Berklee College of Music,42.3465952,#ERROR!,,,,
Bilkent University,#ERROR!,32.7498917,,,,
Boise State University,#ERROR!,-116.2009765,,,,
Boston University,#ERROR!,#ERROR!,,,,
Bowdoin College,43.9076929,-69.9639971,,,,
Boyce College,#ERROR!,-85.685491,,,,
Brandeis University,#ERROR!,-71.2586437,,,,
Briar Cliff University,42.5270102,-96.4270388,,,,
Brigham Young University,40.2518435,-111.6493156,,,,
Brown University,#ERROR!,-71.4025482,,,,
Bryn Mawr College,#ERROR!,-75.3144595,,,,
Bucknell University,40.9547722,-76.8850759,,,,
California Institute of Technology,34.1376576,-118.125269,,,,
California Lutheran University,#ERROR!,#ERROR!,,,,
Cameron University,#ERROR!,-98.436244,,,,
Campbellsville University,37.3430682,#ERROR!,,,,
Capital University,39.9551049,-82.9375379,,,,
Carleton College,#ERROR!,-93.1559742,,,,
Carnegie Mellon University in Qatar,25.316422,51.4401857,,,,
Carthage College,42.6234374,-87.8220236,,,,
Case Western Reserve University,41.5043413,-81.6083838,,,,
Catawba College,#ERROR!,#ERROR!,,,,
Cedar Crest College,40.5859377,-75.5196631,,,,
Cedarville University,39.7495287,#ERROR!,,,,
Central Methodist University,39.1489094,-92.6840726,,,,
Central Michigan University,43.5822124,#ERROR!,,,,
Central State University,39.7169812,-83.8774384,,,,
Central Washington University,#ERROR!,#ERROR!,,,,
Centre College,37.6457165,#ERROR!,,,,
Chatham University,#ERROR!,-79.9242853,,,,
Christendom College,38.9497286,-78.146118,,,,
Chung-Ang University,#ERROR!,#ERROR!,,,,
City University of Hong Kong,22.3370342,114.17272,,,,
Claremont McKenna College,#ERROR!,-117.7065073,,,,
Clark University,#ERROR!,#ERROR!,,,,
Clarke University,42.5094137,-90.6914474,,,,
Cleveland Institute of Music,#ERROR!,-81.6088242,,,,
Coe College,#ERROR!,#ERROR!,,,,
Colby College,44.5638691,#ERROR!,,,,
Colgate University,42.8155894,-75.5407355,,,,
College of Saint Benedict,45.560123,-94.3217652,,,,
College of the Atlantic,44.3950271,-68.2215194,,,,
College of the Holy Cross,42.2392391,-71.8079608,,,,
College of Wooster,40.811716,#ERROR!,,,,
Colorado College,#ERROR!,#ERROR!,,,,
Columbia University,#ERROR!,-73.9625727,,,,
Connecticut College,41.3797568,-72.1043429,,,,
Cooper Union for the Advancement of Science and Art,40.7280822,-73.9916086,,,,
Copenhagen School of Design and Technology,no data found,no data found,,,,
Cornell College,41.9262534,#ERROR!,,,,
Cornell University,#ERROR!,-76.4735027,,,,
Cornish College of Arts,#ERROR!,-122.3362411,,,,
Covenant College,#ERROR!,-85.3744531,,,,
Culver-Stockton College,#ERROR!,-91.5313274,,,,
Curtis Institute of Music,39.9488153,-75.1706467,,,,
Czech University of Life Sciences Prague,50.129994,14.373598,,,,
Danish Academy of Music,55.6823047,#ERROR!,,,,
Dankook University,37.3213399,#ERROR!,,,,
Dartmouth College,#ERROR!,-72.2886934,,,,
Davidson College,35.5015528,-80.8423248,,,,
Deep Springs College,37.373945,#ERROR!,,,,
Defiance College,41.2963026,-84.3598197,,,,
Denison University,40.0735236,-82.5227273,,,,
DePaul University,#ERROR!,-87.6541655,,,,
DePauw University,39.6394252,-86.8634933,,,,
DeSales University,40.5387807,#ERROR!,,,,
Dickinson College,40.2027462,#ERROR!,,,,
Dillard University,29.9971951,-90.0664957,,,,
Dominican University,41.902411,#ERROR!,,,,
Drew University,#ERROR!,#ERROR!,,,,
Drexel University,39.9566127,-75.1899441,,,,
Duke Kunshan University,31.415978,#ERROR!,,,,
Duke University,36.0014258,-78.9382286,,,,
Earlham College,#ERROR!,#ERROR!,,,,
East-West University,41.8712814,-87.6247428,,,,
Eastern University,#ERROR!,-75.3712811,,,,
Eindhoven University of Technology,51.4479973,5.4859005,,,,
Elizabethtown College,40.1493299,-76.5896835,,,,
Elmira College,42.0967817,-76.8153705,,,,
Elon University,36.1028244,-79.5023649,,,,
Emerson College,42.352123,-71.065877,,,,
Emory University,33.7973735,-84.3252791,,,,
ESADE Business School,#ERROR!,2.1148716,,,,
Estonian Academy of Music and Theatre,#ERROR!,24.7479385,,,,
Europe Atlantic University,43.4515609,-3.8756518,,,,
Ewha Womans University,37.5618588,126.9468339,,,,
Fairfield University,41.1598949,-73.2575513,,,,
Fisher College,42.3553507,#ERROR!,,,,
Fisk University,36.167332,-86.8035531,,,,
Five Towns College,#ERROR!,-73.368475,,,,
Florida International University,#ERROR!,-80.3755401,,,,
Florida Polytechnic University,28.1480016,-81.8483545,,,,
Florida State University,30.442087,#ERROR!,,,,
Fordham University,#ERROR!,-73.8852771,,,,
Franklin & Marshall College,40.0480017,#ERROR!,,,,
Funen Art Academy,55.3977287,10.3853678,,,,
Furman University,#ERROR!,#ERROR!,,,,
Gallaudet University,#ERROR!,#ERROR!,,,,
Gannon University,42.1275517,-80.0896332,,,,
Gardner-Webb University,#ERROR!,#ERROR!,,,,
Georgetown College,38.2070039,-84.5542847,,,,
Georgetown University,38.9076089,-77.0722585,,,,
Georgetown University in Qatar,25.318211,51.443331,,,,
Gettysburg College,39.8356744,#ERROR!,,,,
Gordon College,#ERROR!,#ERROR!,,,,
Goshen College,#ERROR!,-85.8280841,,,,
Goucher College,#ERROR!,-76.5926303,,,,
Greenville University,38.894586,-89.4084334,,,,
Grinnell College,41.749223,#ERROR!,,,,
Grove City College,41.1557924,-80.0815357,,,,
Guilford College,36.0941832,-79.8878346,,,,
Gustavus Adolphus College,#ERROR!,-93.9757881,,,,
Gyeongsang National University,#ERROR!,128.1010899,,,,
Hacettepe University,no data found,no data found,,,,
Hamilton College,#ERROR!,-75.4059719,,,,
Hamline University,44.9650421,#ERROR!,,,,
Hanken School of Economics,#ERROR!,24.9241528,,,,
Hanover College,38.7137524,-85.4602351,,,,
Hartwick College,42.4586674,-75.0718461,,,,
Harvard University,42.3744368,-71.1182488,,,,
Harvey Mudd College,#ERROR!,#ERROR!,,,,
Haverford College,#ERROR!,-75.3047747,,,,
Hawaii Pacific University,21.3072314,-157.8619256,,,,
Henderson State University,34.1299174,-93.0602573,,,,
Hendrix College,35.1017695,-92.44072,,,,
High Point University,#ERROR!,#ERROR!,,,,
Hilbert College,42.7536002,-78.8214343,,,,
Hillsdale College,#ERROR!,-84.6306714,,,,
Hobart and William Smith Colleges,42.8581453,-76.9866497,,,,
Hohai University,32.054204,118.756843,,,,
Hollins University,#ERROR!,#ERROR!,,,,
Hong Kong Baptist University,22.3408088,114.1798757,,,,
Harvey Mudd College,34.1060906,#ERROR!,,,,
Haverford College,40.0089613,-75.3047747,,,,
Hawaii Pacific University,21.3072314,#ERROR!,,,,
Henderson State University,34.1299174,-93.0602573,,,,
Hendrix College,#ERROR!,-92.44072,,,,
High Point University,35.972171,#ERROR!,,,,
Hilbert College,42.7536002,-78.8214343,,,,
Hillsdale College,41.9325757,-84.6306714,,,,
Hobart and William Smith Colleges,42.8581453,#ERROR!,,,,
Hohai University,32.054204,118.756843,,,,
Hollins University,37.3566761,#ERROR!,,,,
Hong Kong Baptist University,22.3408088,114.1798757,,,,
Hongik University,37.5507563,126.9254901,,,,
Hood College,39.4227353,-77.4186862,,,,
Houston Christian University,29.6946466,#ERROR!,,,,
Howard University,38.9226843,-77.0194377,,,,
Huntingdon College,32.3505627,#ERROR!,,,,
Husson University,44.8277943,-68.7936927,,,,
Idaho State University,#ERROR!,-112.429762,,,,
IE University,40.9528852,-4.1188364,,,,
IED Barcelona,#ERROR!,#ERROR!,,,,
IIT Delhi - Abu Dhabi,24.395148,54.58733,,,,
Illinois Institute of Technology,41.83671,-87.6259602,,,,
Illinois Wesleyan University,40.4908891,-88.9906541,,,,
Immaculate University,40.0279019,-75.5684709,,,,
Indiana Tech / Indiana Institute of Technology,#ERROR!,-85.116851,,,,
Indiana University Bloomington,39.1682449,#ERROR!,,,,
Inha University,#ERROR!,126.653488,,,,
Istanbul Technical University,41.1055941,29.0253401,,,,
Ithaca College,42.4199229,-76.4969344,,,,
Jacksonville University,30.3529114,-81.606213,,,,
James Madison University,#ERROR!,#ERROR!,,,,
Jilin University,#ERROR!,125.2850161,,,,
John Brown University,36.1905331,-94.5592287,,,,
John Carrol University,41.4905602,-81.5297689,,,,
Johns Hopkins University,39.3299013,#ERROR!,,,,
Juniata College,40.5001397,-78.0158978,,,,
KAIST,36.3721427,127.36039,,,,
Kalamazoo College,42.290035,-85.598145,,,,
Kangwon National University,#ERROR!,127.7450121,,,,
Karlstad University,59.406399,13.582588,,,,
Kaunas University of Technology,54.8988968,23.9126701,,,,
Kentucky Wesleyan College,37.7435478,-87.1201839,,,,
Kenyon College,40.376152,-82.3957933,,,,
Kettering College,39.6948328,-84.1918754,,,,
Keuka College,42.6151505,#ERROR!,,,,
KIIT University,20.3555466,85.8161009,,,,
Kingswood University,45.7253457,-65.5241249,,,,
Knox College,40.9416992,-90.3721309,,,,
Koc University,41.20543,29.0724115,,,,
Kutztown University of Pennsylvania,#ERROR!,-75.7822057,,,,
Kuwantlen Polytechnic University,49.1324803,-122.8708528,,,,
Kyung Hee University,#ERROR!,127.0518435,,,,
La Roche University,40.5684406,#ERROR!,,,,
Lafayette University,#ERROR!,-75.2101079,,,,
Lake Forest College,42.2503397,-87.8286109,,,,
Lake Superior State University,#ERROR!,#ERROR!,,,,
Lamar University,30.0415251,-94.0754905,,,,
Landolph-Macon College,37.7631796,#ERROR!,,,,
Lawrence University,44.2610186,#ERROR!,,,,
Le Moyne College,43.0476721,-76.0901685,,,,
Lee University,35.1657076,-84.869763,,,,
Lehigh University,40.6054003,-75.3771764,,,,
Lenoir-Rhyne University,35.7414291,#ERROR!,,,,
Levanon Valley College,#ERROR!,-76.5157582,,,,
Lewis & Clark College,45.450223,-122.670186,,,,
Lewis University,41.6048101,-88.0796259,,,,
Liberty University,37.3520604,#ERROR!,,,,
Lindenwood University,38.7857311,#ERROR!,,,,
Lindsey Wilson College,37.102876,-85.3007449,,,,
Linfield University,45.1976558,-123.199904,,,,
Lipscomb University,36.1046846,#ERROR!,,,,
Loras College,42.502908,#ERROR!,,,,
Louisiana State University Baton Rouge,30.4102406,-91.1857059,,,,
Louisiana Tech University,32.5299582,#ERROR!,,,,
Loyola Marymount University,33.9691953,-118.4188984,,,,
Loyola University Chicago,#ERROR!,-87.6569374,,,,
Loyola University Maryland,39.3484521,-76.6164636,,,,
Lund University,#ERROR!,#ERROR!,,,,
Luther College,43.3147914,-91.8052049,,,,
Lycoming College,#ERROR!,-76.9982694,,,,
Macalester College,44.9379079,#ERROR!,,,,
Madonna University,#ERROR!,-83.4062995,,,,
MAHSA University,2.9594558,101.5764508,,,,
Malardalen University,59.6185782,16.5407143,,,,
Malmo University,#ERROR!,#ERROR!,,,,
Malone University,40.8273693,#ERROR!,,,,
Manhattan School of Music,40.8127119,-73.9616041,,,,
Manhattanville College,41.0320144,#ERROR!,,,,
Marietta College,39.4167881,-81.4492565,,,,
Marist College,41.7231052,-73.9344876,,,,
Mars Hill University,#ERROR!,#ERROR!,,,,
Mary Baldwin University,38.1544264,-79.0694338,,,,
Maryland Insitute College of Art,39.0457549,-76.6412712,,,,
Marymount University,38.9051975,#ERROR!,,,,
Maryville College,35.7514688,#ERROR!,,,,
Maryville University of Saint Louis,#ERROR!,-90.5036535,,,,
Marywood University,#ERROR!,#ERROR!,,,,
Massachusetts Institute of Technology,42.360091,-71.09416,,,,
Masstricht University,50.8469602,5.6879801,,,,
McMaster University,no data found,no data found,,,,
McPherson College,#ERROR!,#ERROR!,,,,
Mender University Brno,49.1950602,16.6068371,,,,
Mercer University,#ERROR!,-83.6496991,,,,
Mercy University,#ERROR!,-73.8734969,,,,
Mercyhurst University,42.1034771,-80.0531764,,,,
Meredith College,35.798208,-78.6886419,,,,
Methodist University,35.1296003,-78.8671408,,,,
Miami University,39.5087485,-84.7344915,,,,
Michigan State University,42.7250725,#ERROR!,,,,
Michigan Technological University,#ERROR!,-88.5460115,,,,
Middle East University,31.8093048,35.9197938,,,,
Middlebury College,44.0081076,-73.1760412,,,,
Midland University,41.4373714,-96.4900283,,,,
Midway University,38.1445736,-84.6772838,,,,
Midwestern State University,33.8713843,#ERROR!,,,,
Millikin University,39.8430777,-88.974894,,,,
Millsaps College,32.3223479,#ERROR!,,,,
Milwaukee Institute of Art and Design,#ERROR!,#ERROR!,,,,
Minerva University,#ERROR!,-122.4081769,,,,
Minneapolis College of Art and Design,#ERROR!,#ERROR!,,,,
Misericordia University,41.3457285,-75.9709226,,,,
Mississippi College,#ERROR!,-90.3305927,,,,
Mississippi University for Women,33.4912194,-88.4185425,,,,
Mississippi Valley State University,#ERROR!,-90.3416715,,,,
Molloy University,#ERROR!,-73.6270362,,,,
Monmouse College,#ERROR!,#ERROR!,,,,
Montana State University,45.6673524,-111.0546211,,,,
Montana Technological University,46.0116094,-112.5574647,,,,
Montreat College,35.6464927,-82.2975138,,,,
Montreat College of Art,35.6467198,-82.2999232,,,,
Moravian University,#ERROR!,-75.3809334,,,,
Morehead State University,38.18943,#ERROR!,,,,
Mornigside University,42.4731744,-96.3584236,,,,
Mount Holyoke College,#ERROR!,-72.5728843,,,,
Mount Marty University,42.8734737,-97.4101851,,,,
Mount Saint Mary College,41.511404,-74.0131367,,,,
Mount Saint Mary's University,39.6799914,#ERROR!,,,,
Mount St. Joseph University,#ERROR!,#ERROR!,,,,
Muhlenberg College,40.5981933,-75.5081076,,,,
Muskingum University,#ERROR!,-81.7378959,,,,
Myongji University,37.5802219,126.9226047,,,,
Nanyang Technological University,1.3483099,103.6831347,,,,
National Central University,24.9681558,121.1952988,,,,
National Cheng Kung University,22.998955,#ERROR!,,,,
National Chengchi University,#ERROR!,121.5774304,,,,
National Chung Hsing University,24.123552,#ERROR!,,,,
National Dong Hwa University,23.8927746,#ERROR!,,,,
National Taiwan Normal University,25.0260878,121.5275484,,,,
National Taiwan University,#ERROR!,121.5397518,,,,
National Tsing Hua University,#ERROR!,120.9966699,,,,
National University of Singapore,#ERROR!,103.7766916,,,,
National Yulin University of Science and Technology,#ERROR!,120.5340648,,,,
New Saint Andrews College,46.731424,-117.001665,,,,
New York Institute of Technology,no data found,#ERROR!,,,,
New York School of Interior Design,40.7429553,#ERROR!,,,,
New York University,40.7295134,-73.9964609,,,,
New York University Abu Dhabi,24.5238948,54.4345558,,,,
New York University Shanghai,#ERROR!,#ERROR!,,,,
Niagara University,#ERROR!,#ERROR!,,,,
Northern Illinois University,41.934194,-88.7738783,,,,
Northern Kentucky University,39.0312035,-84.4625345,,,,
Northern State University,45.4510068,-98.4829326,,,,
Northland College,46.580688,#ERROR!,,,,
Northwest Nazarene University,43.5614966,-116.5656946,,,,
Northwest University,47.657668,-122.1923389,,,,
Northwestern College,42.9979634,#ERROR!,,,,
Northwestern University,42.0564594,-87.675267,,,,
Northwestern University in Qatar,25.3188448,51.4452271,,,,
Nothwest College of Art & Design,47.2524766,#ERROR!,,,,
Oberlin College,41.2958696,-82.221089,,,,
Occidental College,34.12736,-118.2104777,,,,
Oglethorpe University,33.8767539,-84.3347863,,,,
Ohio University,#ERROR!,-82.1013889,,,,
Ohio Wesleyan University,#ERROR!,#ERROR!,,,,
Oklahoma State University Institute of Technology,#ERROR!,-95.9390561,,,,
Old Dominion University,#ERROR!,#ERROR!,,,,
Olin Collegeof Engineering,42.2930114,#ERROR!,,,,
Ontalio Tech University,43.9456428,-78.8967866,,,,
Otis College of Art and Design,33.9566849,-118.4171575,,,,
Otterbein University,40.1268746,#ERROR!,,,,
Pace University,40.7112562,-74.0051758,,,,
Pacific Luthern University,47.1451931,#ERROR!,,,,
Pacific Union College,38.5698777,-122.4394834,,,,
Pacific University,#ERROR!,-123.1103252,,,,
Parsons School of Design at The New School,40.7351297,#ERROR!,,,,
Pennsylvania College of Art & Design,40.0412467,-76.3087796,,,,
Pfeiffer University,#ERROR!,#ERROR!,,,,
Piedmont University,34.5665363,#ERROR!,,,,
Pittsburg State University,#ERROR!,#ERROR!,,,,
Pitzer College,#ERROR!,-117.7050738,,,,
Point Park University,40.4384916,-80.0017987,,,,
Pomona College,#ERROR!,#ERROR!,,,,
Pratt Institute,40.6913844,-73.9629858,,,,
Presbyterian College,34.4659693,-81.8784388,,,,
President University,-6.2850003,107.1705463,,,,
Princeton University,#ERROR!,-74.6550739,,,,
Principia College,38.9536001,#ERROR!,,,,
Providence College,41.8440047,-71.4347475,,,,
Purdue University,40.4237054,#ERROR!,,,,
Pusan National University,35.2339681,129.0806855,,,,
Qatar University,#ERROR!,51.4887307,,,,
Queens University of Charlotte,35.188626,-80.8329724,,,,
Quincy University,39.9405844,#ERROR!,,,,
Randolph College,37.4371805,#ERROR!,,,,
RCSI & UCD Malaysia / Royal College of Surgeon in Ireland & University College Dublin in Malaysia,53.3498053,#ERROR!,,,,
Reed College,45.4810848,-122.6308086,,,,
Regent University,36.8007899,#ERROR!,,,,
Regis University,39.7896087,-105.0302396,,,,
Reinhardt University,34.3205083,-84.5509513,,,,
Rhode Island School of Design,41.8270818,-71.4092975,,,,
Rhodes College,#ERROR!,#ERROR!,,,,
Rice University,#ERROR!,-95.4035531,,,,
Ringling College of Art and Design,27.3603682,-82.548481,,,,
Ripon College,43.8440322,#ERROR!,,,,
Roberts Wesleyan University,43.1257047,-77.7985,,,,
Rochester Christian University,42.666251,#ERROR!,,,,
Rochester Institute of Technology,#ERROR!,#ERROR!,,,,
Rochkurst University,39.0303478,-94.5710674,,,,
Roger Williams University,41.6508516,-71.2592083,,,,
Rollins College,28.5927153,#ERROR!,,,,
Rose Hulman Institute of Technology,#ERROR!,-87.3241359,,,,
Rosemount College,40.033726,-75.3272014,,,,
Royal College of Art,51.5011441,#ERROR!,,,,
Royal College of Music,#ERROR!,-0.1770874,,,,
Sabanci University,#ERROR!,#ERROR!,,,,
Saginaw Valley State University,43.5142733,#ERROR!,,,,
Saint Anselm College,42.9846853,#ERROR!,,,,
Saint Elizabeth University,40.7811527,#ERROR!,,,,
Saint Francis University,40.5037488,-78.6388875,,,,
Saint John's University,40.7201737,#ERROR!,,,,
Saint Joseph's University,39.9951217,#ERROR!,,,,
Saint Martin's University,47.0407318,-122.8154094,,,,
Saint Mary's College,41.7073021,#ERROR!,,,,
Saint Vincent College,#ERROR!,-79.3998642,,,,
Salem College,36.0875173,-80.2412072,,,,
Salve Regina University,#ERROR!,-71.3018716,,,,
San Francisco Conservatory of Music,37.7754994,#ERROR!,,,,
Santa Clara University,37.3489255,-121.9367804,,,,
Sarah Lawrence College,40.93459,-73.8455821,,,,
School of the Art Institute of Chicago,#ERROR!,#ERROR!,,,,
Scripps College,#ERROR!,-117.7101745,,,,
Sebbelas Marest University,-7.5596274,#ERROR!,,,,
Seton Hall University,40.7430841,-74.246082,,,,
Seton Hill University,40.3089241,-79.555889,,,,
Shawnee State University,38.7313546,#ERROR!,,,,
Shih Hsin University,24.988664,#ERROR!,,,,
Shorter University,34.2574504,#ERROR!,,,,
Siena College,42.718448,-73.7534094,,,,
Siena Heights University,#ERROR!,-84.0162617,,,,
Simmons University,#ERROR!,#ERROR!,,,,
Singapore Institute of Technology,1.30042,#ERROR!,,,,
Singapore University of Social Sciences,#ERROR!,103.7761967,,,,
Singapore University of Technology and Design,#ERROR!,#ERROR!,,,,
Skidmore College,43.0959241,-73.7852385,,,,
Smith College,#ERROR!,-72.6403095,,,,
Sodertorn University,59.2193685,17.9434032,,,,
Sogang University,37.5509442,126.9410023,,,,
South East Technological University,no data found,#ERROR!,,,,
Southern California Institute of Architecture,34.0436973,-118.2328262,,,,
Southern Louisiana University,30.5178932,-90.4710715,,,,
Southern Methodist University,32.8412178,-96.7845175,,,,
Southern Nazarene University,35.5135594,#ERROR!,,,,
Southern New Hampshire University,43.0382166,-71.4493554,,,,
Southern Oklahoma State University,34.0056034,#ERROR!,,,,
Southern Wesleyan University,34.7279866,-82.7651378,,,,
Southwestern University,30.6369218,#ERROR!,,,,
Spelman College,33.7451954,-84.4114376,,,,
Spring Hill College,#ERROR!,-88.1373223,,,,
Springfield College,42.1034769,-72.5557675,,,,
St. Andrews University,56.3417136,-2.7942674,,,,
St. Edward's University,30.2290216,-97.7526464,,,,
St. Francis College,40.6901136,#ERROR!,,,,
"St. John's College, Annapolis",#ERROR!,-76.491536,,,,
"St. John's College, Santa Fe",#ERROR!,-105.912226,,,,
St. Lawrence University,44.5892119,-75.1608814,,,,
St. Mary's University,#ERROR!,#ERROR!,,,,
St. Norbert College,#ERROR!,-88.069485,,,,
St. Olaf College,44.4621319,#ERROR!,,,,
St. Thomas Aquinas College,#ERROR!,#ERROR!,,,,
Stanford University,37.42766,-122.17006,,,,
Stephens College,38.9515442,-92.3220946,,,,
Stevens Institute of Technology,#ERROR!,#ERROR!,,,,
Stockholm University of the Arts,59.3394614,#ERROR!,,,,
Stonehill College,42.0581053,#ERROR!,,,,
Suffolk University,42.3578508,-71.0611037,,,,
Sungkyunkwan University,37.588227,#ERROR!,,,,
Sunway University,#ERROR!,#ERROR!,,,,
Susquehanna University,40.7970002,-76.8775569,,,,
Swarthmore College,39.903833,-75.3526567,,,,
Swedish University of Agricultural Sciences,59.814971,17.6628718,,,,
Sweet Briar College,#ERROR!,-79.0828644,,,,
Syracuse University,43.0386502,-76.1336922,,,,
Tabor College,38.3487594,-97.2001241,,,,
Taejae University,37.5835904,#ERROR!,,,,
Tampere University,61.4943582,23.7804048,,,,
Temple University,#ERROR!,-75.1553563,,,,
Temple University Japan,35.6424088,139.6738127,,,,
Texas A&m International University,27.5718315,#ERROR!,,,,
Texas A&M University,30.6186625,-96.3364251,,,,
Texas Christian University,32.7078531,-97.3628041,,,,
The College of Saint Rose,42.6643076,-73.7866747,,,,
The Education University of Hong Kong,#ERROR!,#ERROR!,,,,
The George Washington University,38.8997145,-77.0485992,,,,
The Hong Kong Polytechnic University,22.3045633,114.1795767,,,,
The Hong Kong University of Science and Technology,22.3374847,114.2633989,,,,
The Juilliard School,#ERROR!,#ERROR!,,,,
The Royal Academy of Music,51.523405,#ERROR!,,,,
The University of Alabama,33.2114385,#ERROR!,,,,
The University of Economics Prague,50.0842386,14.4411405,,,,
The University of North Carolina at Chalotte,35.7595731,-79.0192997,,,,
The University of North Carolina at Chapel Hill,35.9049122,#ERROR!,,,,
The University of Olivet,42.4402454,-84.9236035,,,,
The University of Ostrava,#ERROR!,18.2904968,,,,
The University of the South,35.2050343,#ERROR!,,,,
The University of Tulsa,#ERROR!,-95.9460753,,,,
Thiel College,#ERROR!,#ERROR!,,,,
Thomas Aquinas College - California,#ERROR!,-119.0886666,,,,
Thomas Aquinas College - New England,42.7129215,#ERROR!,,,,
Thomas College,#ERROR!,-69.6631426,,,,
Thomas More University,39.0214548,#ERROR!,,,,
Ton Duc Thang University,10.7319314,#ERROR!,,,,
Towson University,39.3919027,#ERROR!,,,,
Trevcecca Nazarene University,36.1425256,-86.7532686,,,,
Trine University,41.63133,-85.0134723,,,,
Trinity College,#ERROR!,#ERROR!,,,,
Trinity College Dublin,53.3437935,-6.2545716,,,,
Trinity University,29.4618769,-98.4833382,,,,
Tufts University,42.4085371,-71.1182729,,,,
Tulane University,29.9407282,-90.1203167,,,,
Tusculum University,36.1724335,#ERROR!,,,,
UBI Business School,50.8400202,4.3602987,,,,
Umea University,#ERROR!,20.3054461,,,,
Union College - New York,42.8179321,#ERROR!,,,,
UNIST Ulsan National Institute of Technology,35.5376797,#ERROR!,,,,
United Arab Emirate University,23.424076,53.847818,,,,
Universitat Tubingen,#ERROR!,9.0572876,,,,
University College London / UCL,51.5245592,-0.1340401,,,,
University of Alberta,53.5232189,#ERROR!,,,,
University of Amsterdam,#ERROR!,4.9557263,,,,
University of Arkansas,36.0686895,-94.1748471,,,,
University of Calgary,#ERROR!,-114.134666,,,,
"University of California, Berkeley",37.8712141,-122.255463,,,,
University of Camerino,43.1465731,#ERROR!,,,,
University of Campania Luigi Vanvitelli,#ERROR!,14.33055,,,,
University of Central Arkansas,#ERROR!,#ERROR!,,,,
University of Central Missouri,38.7565603,-93.7405067,,,,
University of Central Oklahoma,35.657506,#ERROR!,,,,
University of Chicago,41.7904484,#ERROR!,,,,
University of Cincinnati,#ERROR!,#ERROR!,,,,
University of Connecticut,41.8135415,#ERROR!,,,,
University of Copenhagen,55.6802303,12.5724096,,,,
University of Debrecen,47.5536257,21.6215102,,,,
University of Dubai,#ERROR!,#ERROR!,,,,
University of Eastern Finland,62.8909195,27.6335958,,,,
University of Europe for Applied Sciences,no data found,no data found,,,,
University of Genoa,44.4071448,8.9347381,,,,
University of Gothenburg,57.6983855,#ERROR!,,,,
University of Hartford,#ERROR!,-72.7138039,,,,
University of Health Sciences and Pharmacyin St. Louis,38.627428,-90.1982439,,,,
University of Houston,29.7204627,#ERROR!,,,,
University of Illinois Springfield,#ERROR!,-89.6176711,,,,
University of Indianapolis,39.7095769,#ERROR!,,,,
University of International Studies of Rome,41.8601692,12.4963423,,,,
University of Kentucky,38.0306511,-84.5039697,,,,
University of Lapland,#ERROR!,25.7150496,,,,
University of Maryland College Park,38.9869183,#ERROR!,,,,
University of Massachusetts Dartmouth,41.6269122,-71.0054336,,,,
University of Miami,#ERROR!,#ERROR!,,,,
University of Michigan-Flint,43.0194791,-83.6894611,,,,
University of Millan,45.460342,9.1941298,,,,
University of Minnesota Twins Cities,44.9753541,-93.2330739,,,,
University of Missippi,34.3662492,-89.5379687,,,,
University of Missouri,38.9403808,#ERROR!,,,,
University of Modern and Reggio Emillia,44.6451145,#ERROR!,,,,
University of Montevallo,33.1061608,-86.865545,,,,
University of Mount Saint Vincent,#ERROR!,#ERROR!,,,,
University of Nebraska at Kearney,40.7011879,-99.1014292,,,,
University of Nebraska at Lincoln,#ERROR!,-96.7004763,,,,
University of New Mexico,35.0907712,#ERROR!,,,,
University of Notre Dame,41.7051917,-86.2351655,,,,
University of Oregon,#ERROR!,-123.0726055,,,,
University of Oulu,65.0593177,25.4662935,,,,
University of Padua,45.4067393,#ERROR!,,,,
University of Palermo,#ERROR!,13.3700307,,,,
University of Pennsylvania,#ERROR!,-75.1910161,,,,
University of Perugia,43.1164268,#ERROR!,,,,
University of Pisa,43.7167235,10.3988593,,,,
University of Pittsburg,40.4444842,#ERROR!,,,,
University of Puget Sound,#ERROR!,-122.4814442,,,,
University of Rhode Island,41.4862328,-71.5306788,,,,
University of Richmond,37.5758243,-77.5397192,,,,
University of Rochester,43.1305531,-77.6260033,,,,
University of Saint Francis,#ERROR!,-85.1747741,,,,
University of Saint Mary,39.2783084,#ERROR!,,,,
University of South Carolina,33.9937575,-81.0299186,,,,
University of South Carolina Beaufort,#ERROR!,-80.9735548,,,,
University of South Dakota,42.7883015,#ERROR!,,,,
University of South Denmark,55.3689827,10.4282364,,,,
University of South Florida,28.0622334,-82.4135057,,,,
University of Southern Mississippi,31.325997,-89.3320146,,,,
University of St Gallen,47.431567,9.3749269,,,,
University of St. Andrews,no data found,no data found,,,,
University of St. Thomas (Texas),29.7366605,-95.393468,,,,
University of Technology Sydney,#ERROR!,151.2006119,,,,
University of the Ozarks,#ERROR!,-93.4662875,,,,
University of Toronto,#ERROR!,-79.3958273,,,,
University of Trento,46.0668672,11.1231091,,,,
University of Turku,60.4542267,22.284785,,,,
University of Turtin,45.0696528,7.6890517,,,,
University of Twente,#ERROR!,6.84979,,,,
University of Warwick,52.3792525,-1.5614704,,,,
University of Waterloo,43.4722854,-80.5448576,,,,
University of Wisconsin Platteville,42.7331994,#ERROR!,,,,
University of Wisconsin River Falls,#ERROR!,-92.6222324,,,,
University of Wisconsin-Madison,43.0755143,-89.4154526,,,,
Universityof Sydney,#ERROR!,151.2057136,,,,
Univesity of Southern California,33.9793537,-117.3310945,,,,
Vanderbilt University,36.1447034,-86.8026551,,,,
VanderCook College of Music,#ERROR!,#ERROR!,,,,
Vassar College,41.6868243,-73.895719,,,,
Villanova University,40.0368926,-75.3425785,,,,
Vin University,20.9910424,#ERROR!,,,,
Virginia Tech,#ERROR!,-80.4234167,,,,
Virginia Wesleyan University,36.8674624,-76.1866644,,,,
Wabash College,40.0369332,-86.9066712,,,,
Wake Forest University,36.1354887,-80.2792887,,,,
Walrren Wilson University,#ERROR!,-82.4422791,,,,
Walsh University,#ERROR!,-81.369656,,,,
Wartburg College,42.7287897,#ERROR!,,,,
Washington and Lee University,37.7898776,-79.4458935,,,,
Washington College,39.21824,-76.0695767,,,,
Washington University in St. Louis,38.6487895,-90.3107962,,,,
Wayland Baptist University,#ERROR!,-101.7279654,,,,
Waynesburg University,39.8993849,-80.1864577,,,,
Wellesley College,42.2935733,-71.3059277,,,,
Wesleyan University,41.5567587,#ERROR!,,,,
West Virginia Wesleyan College,38.989687,-80.2187986,,,,
Western Illinois University,#ERROR!,-90.6858559,,,,
Westminster College Missouri,38.8483122,-91.9550774,,,,
Westminster University,40.7322206,-111.8549815,,,,
Whitman College,#ERROR!,-118.3295895,,,,
Whitworth University,#ERROR!,-117.4178623,,,,
Widner University,39.8615555,-75.3576496,,,,
Wilks University,41.2449585,-75.8883633,,,,
Willamette University,44.9352335,-123.0307101,,,,
William & Mary,37.2709753,-76.7162467,,,,
William Baptist University,36.1261107,#ERROR!,,,,
William Jewell College,39.2480581,-94.4115465,,,,
William Woods University,#ERROR!,-91.9490745,,,,
Williams College,#ERROR!,-73.2031395,,,,
Wilmington College,39.4447895,#ERROR!,,,,
Wilson College,#ERROR!,#ERROR!,,,,
Winston-Salem State University,#ERROR!,-80.2250436,,,,
Wittenberg University,#ERROR!,-83.8139097,,,,
Wofford College,34.9590202,-81.9351358,,,,
Worcester Polytechnic Institute,#ERROR!,#ERROR!,,,,
Wyoming Catholic College,42.8334091,-108.7313717,,,,
Yale University,#ERROR!,-72.9223431,,,,
Yeshiva University,40.8506041,#ERROR!,,,,
Yonsei University,37.5663937,126.9387066,,,,
York University,no data found,no data found,,,,
Youngstown State University,41.1066413,#ERROR!,,,,
エリザベト音楽,#ERROR!,132.4678165,,,,
ものつくり大学,36.1149204,139.4573903,,,,
愛知東邦大学,#ERROR!,136.9869585,,,,
愛知文教大学,35.300509,#ERROR!,,,,
育英大学,#ERROR!,139.050794,,,,
宇都宮共和大学,36.9730717,139.9809305,,,,
羽衣国際大学,34.5344041,#ERROR!,,,,
園田学園女子大学,34.7480145,#ERROR!,,,,
奥羽大学,37.4181849,140.3742552,,,,
横浜商科大学,35.4982677,#ERROR!,,,,
横浜薬科大学,35.3836242,139.4954531,,,,
沖縄大学,#ERROR!,#ERROR!,,,,
海上保安大学校,34.2451856,132.5280789,,,,
学習院女子大学,#ERROR!,139.712519,,,,
関西福祉科学大学,#ERROR!,135.6367633,,,,
関西福祉大学,34.7611031,#ERROR!,,,,
関東学院大学,#ERROR!,139.6254322,,,,
岐阜保険大学,35.3842529,136.7400152,,,,
気象大学校,#ERROR!,139.9590882,,,,
宮崎国際大学,31.8607433,131.3951071,,,,
京都医療科学大学,35.1023033,135.4794469,,,,
京都先端科学大学,#ERROR!,135.7184572,,,,
九州ルーテル学院大学,32.8201885,130.7231449,,,,
九州共立大学,#ERROR!,130.7055111,,,,
九州産業大学,#ERROR!,130.4446572,,,,
九州女子大学,32.59,130.8,,,,
広島都市学園大学,#ERROR!,132.457718,,,,
弘前医療福祉大学,40.5886272,140.5003547,,,,
弘前学院大学,40.5838399,#ERROR!,,,,
高崎健康福祉大学,36.3247761,139.0547173,,,,
国際医療福祉大学,36.8709819,140.0696377,,,,
国際基督教大学 / ICU,35.6875365,#ERROR!,,,,
国士舘大学,35.6478739,139.6537457,,,,
国立看護大学校,35.7739147,139.5085139,,,,
埼玉工業大学,36.1949681,139.2387906,,,,
札幌学院大学,43.0664097,#ERROR!,,,,
札幌大谷大学,43.0822493,141.3664864,,,,
三育学院大学,35.2412503,140.2635619,,,,
四国学院大学,34.2260555,#ERROR!,,,,
純真学園大学,#ERROR!,#ERROR!,,,,
昭和音楽大学,35.6010492,#ERROR!,,,,
新潟医療福祉大学,37.9658732,139.1869574,,,,
新潟経営大学,#ERROR!,139.0648498,,,,
神戸女学院大学,34.7564261,135.352565,,,,
神戸松蔭女子学院大学,34.7273535,135.2296609,,,,
神戸薬科大学,34.7320046,#ERROR!,,,,
神奈川大学,35.4846317,139.6199638,,,,
身延山大学,35.3815504,#ERROR!,,,,
人間環境大学,#ERROR!,137.264008,,,,
水産大学校,34.0700691,#ERROR!,,,,
成城大学,#ERROR!,#ERROR!,,,,
聖泉大学,35.2052171,#ERROR!,,,,
西九州大学,#ERROR!,130.3482448,,,,
西日本工業大学,33.7531898,130.9735671,,,,
青森中央学院大学,#ERROR!,140.7619632,,,,
静岡英和学院大学,34.9826683,#ERROR!,,,,
静岡産業大学,34.6975627,#ERROR!,,,,
静岡福祉大学,34.8298895,138.2975,,,,
石巻専修大学,38.4530669,#ERROR!,,,,
千葉科学大学,#ERROR!,#ERROR!,,,,
専修大学,#ERROR!,139.7541495,,,,
大阪芸術大学,34.5114246,135.6311117,,,,
大阪公立大学,34.698854,#ERROR!,,,,
大阪工業大学,34.7306914,135.5437041,,,,
大阪川﨑リハビリテーション大学,34.405178,135.3867492,,,,
大阪体育大学,34.3806999,135.3590994,,,,
大手前大学,no data found,#ERROR!,,,,
中京大学,35.1383522,136.966355,,,,
中部大学,#ERROR!,137.0135904,,,,
長岡大学,37.4309259,#ERROR!,,,,
長野保健福祉大学,#ERROR!,138.1950371,,,,
鳥取看護大学,35.4565617,133.8587568,,,,
鎮西学院大学,32.8602949,130.029946,,,,
帝京大学,no data found,no data found,,,,
東海学園大学,35.1260448,137.1016933,,,,
東京工科大学,35.6262342,#ERROR!,,,,
東京国際大学,35.9271012,139.4389625,,,,
東京成徳大学,35.7556458,#ERROR!,,,,
東京都立大学,35.6172487,139.3771559,,,,
東京富士大学,35.7147593,#ERROR!,,,,
二松学舎大学,#ERROR!,139.7455989,,,,
日本工業大学,#ERROR!,139.714034,,,,
日本国際学園大学,36.0886367,140.107549,,,,
日本体育大学,35.621733,139.6499261,,,,
函館大学,41.7887915,140.8064495,,,,
姫路大学,34.7722188,134.7585281,,,,
福岡工業大学,33.6960213,130.4408748,,,,
福岡国際医療福祉大学,33.5908542,#ERROR!,,,,
兵庫県立大学,34.6599067,134.9805228,,,,
別府大学,#ERROR!,131.4907565,,,,
豊田工業大学,#ERROR!,136.9829967,,,,
防衛医科大学校,35.8040407,#ERROR!,,,,
防衛大学校,#ERROR!,139.7217651,,,,
北海道科学大学,#ERROR!,no data found,,,,
明治大学,35.6980449,#ERROR!,,,,
和洋女子大学,35.7430458,139.9042845,,,,
,,,,,,
,,,,,,
,,,,,,
,,,,,,
,,,,,,
,,,,,,
,,,,,,
,,,,,,
,,,,,,
,,,,,,
,,,,,,
,,,,,,
,,,,,,
,,,,,,
,,,,,,
,,,,,,
,,,,,,
,,,,,,
,,,,,,
,,,,,,
,,,,,,
,,,,,,
,,,,,,
,,,,,,
,,,,,,
,,,,,,
,,,,,,
,,,,,,
,,,,,,
,,,,,,
,,,,,,
,,,,,,
,,,,,,
,,,,,,
,,,,,,
,,,,,,
,,,,,,
,,,,,,
,,,,,,
,,,,,,
,,,,,,
,,,,,,
,,,,,,
,,,,,,
,,,,,,
,,,,,,
,,,,,,
,,,,,,
,,,,,,
,,,,,,
,,,,,,
,,,,,,
,,,,,,
,,,,,,
,,,,,,
,,,,,,
,,,,,,
,,,,,,
,,,,,,
,,,,,,
,,,,,,
,,,,,,
,,,,,,
,,,,,,
,,,,,,
,,,,,,
,,,,,,
,,,,,,
,,,,,,
,,,,,,
,,,,,,
,,,,,,
,,,,,,
,,,,,,
,,,,,,
,,,,,,
,,,,,,
,,,,,,
,,,,,,
,,,,,,
,,,,,,
,,,,,,
,,,,,,
,,,,,,
,,,,,,
,,,,,,
,,,,,,
,,,,,,
,,,,,,
,,,,,,
,,,,,,
,,,,,,
,,,,,,
,,,,,,
,,,,,,
,,,,,,
,,,,,,
,,,,,,
,,,,,,
,,,,,,
,,,,,,
,,,,,,
,,,,,,
,,,,,,
,,,,,,
,,,,,,
,,,,,,
,,,,,,
,,,,,,
,,,,,,
,,,,,,
,,,,,,
,,,,,,
,,,,,,
,,,,,,
,,,,,,
,,,,,,
,,,,,,
,,,,,,
,,,,,,
,,,,,,
,,,,,,
,,,,,,
,,,,,,
,,,,,,
,,,,,,
,,,,,,
,,,,,,
,,,,,,
,,,,,,
,,,,,,
,,,,,,
,,,,,,
,,,,,,
,,,,,,
,,,,,,
,,,,,,
,,,,,,
,,,,,,
,,,,,,
,,,,,,
,,,,,,
,,,,,,
,,,,,,
,,,,,,
,,,,,,
,,,,,,
,,,,,,
,,,,,,
,,,,,,
,,,,,,
,,,,,,
,,,,,,
,,,,,,
,,,,,,
,,,,,,
,,,,,,
,,,,,,
,,,,,,
,,,,,,
,,,,,,
,,,,,,
,,,,,,
,,,,,,
,,,,,,
,,,,,,
,,,,,,
,,,,,,
,,,,,,
,,,,,,
,,,,,,
,,,,,,
,,,,,,
,,,,,,
,,,,,,
,,,,,,
,,,,,,
,,,,,,
,,,,,,
,,,,,,
,,,,,,
,,,,,,
,,,,,,
,,,,,,
,,,,,,
,,,,,,
,,,,,,
,,,,,,
,,,,,,
,,,,,,
,,,,,,
,,,,,,
,,,,,,
,,,,,,
,,,,,,
,,,,,,
,,,,,,
,,,,,,
,,,,,,
,,,,,,
,,,,,,
,,,,,,
,,,,,,
,,,,,,
,,,,,,
,,,,,,
,,,,,,
,,,,,,
,,,,,,
,,,,,,
,,,,,,
,,,,,,
,,,,,,
,,,,,,
,,,,,,
,,,,,,
,,,,,,
,,,,,,
,,,,,,
,,,,,,
,,,,,,
,,,,,,
,,,,,,
,,,,,,
,,,,,,
,,,,,,
,,,,,,
,,,,,,
,,,,,,
,,,,,,
,,,,,,
,,,,,,
,,,,,,
,,,,,,
,,,,,,
,,,,,,
,,,,,,
,,,,,,
,,,,,,
,,,,,,
,,,,,,
,,,,,,
,,,,,,
,,,,,,
,,,,,,
,,,,,,
,,,,,,
,,,,,,
,,,,,,
,,,,,,
,,,,,,
,,,,,,
,,,,,,
,,,,,,
,,,,,,
,,,,,,
,,,,,,
,,,,,,
,,,,,,
,,,,,,
,,,,,,
,,,,,,
,,,,,,
,,,,,,
,,,,,,
,,,,,,
,,,,,,
,,,,,,
,,,,,,
,,,,,,
,,,,,,
,,,,,,
